{
    "input_sequence": "<|im_start|>{{name}}",
    "output_sequence": "<|im_start|>{{name}}",
    "last_output_sequence": "",
    "system_sequence": "<|im_start|>system",
    "stop_sequence": "<|im_end|>",
    "wrap": true,
    "macro": true,
    "names_behavior": "none",
    "activation_regex": "",
    "first_output_sequence": "",
    "skip_examples": false,
    "output_suffix": "<|im_end|>\n",
    "input_suffix": "<|im_end|>\n",
    "system_suffix": "<|im_end|>\n",
    "user_alignment_message": "",
    "system_same_as_user": false,
    "last_system_sequence": "",
    "first_input_sequence": "",
    "last_input_sequence": "",
    "sequences_as_stop_strings": true,
    "story_string_prefix": "<|im_start|>system",
    "story_string_suffix": "<|im_end|>\n",
    "name": "ChatML-Names"
}
