{
    "input_sequence": "[INST]",
    "output_sequence": "[/INST]",
    "last_output_sequence": "",
    "system_sequence": "",
    "stop_sequence": "",
    "wrap": false,
    "macro": true,
    "names_behavior": "force",
    "activation_regex": "",
    "first_output_sequence": "",
    "skip_examples": false,
    "output_suffix": "</s>",
    "input_suffix": "",
    "system_suffix": "",
    "user_alignment_message": "Let's get started. Please respond based on the information and instructions provided above.",
    "system_same_as_user": true,
    "last_system_sequence": "",
    "first_input_sequence": "",
    "last_input_sequence": "",
    "sequences_as_stop_strings": true,
    "story_string_prefix": "[INST]",
    "story_string_suffix": "[/INST]Understood.</s>",
    "name": "Mistral V3-Tekken"
}
