{
    "input_sequence": "<|im_user|>user<|im_middle|>",
    "output_sequence": "<|im_assistant|>assistant<|im_middle|>",
    "last_output_sequence": "",
    "system_sequence": "<|im_system|>system<|im_middle|>",
    "stop_sequence": "<|im_end|>",
    "wrap": false,
    "macro": true,
    "names_behavior": "force",
    "activation_regex": "",
    "first_output_sequence": "",
    "skip_examples": false,
    "output_suffix": "<|im_end|>",
    "input_suffix": "<|im_end|>",
    "system_suffix": "<|im_end|>",
    "user_alignment_message": "",
    "system_same_as_user": false,
    "last_system_sequence": "",
    "first_input_sequence": "",
    "last_input_sequence": "",
    "sequences_as_stop_strings": true,
    "story_string_prefix": "<|im_system|>system<|im_middle|>",
    "story_string_suffix": "<|im_end|>",
    "name": "Moonshot AI"
}
