{
    "input_sequence": "<|START_OF_TURN_TOKEN|><|USER_TOKEN|>",
    "output_sequence": "<|START_OF_TURN_TOKEN|><|CHATBOT_TOKEN|>",
    "last_output_sequence": "",
    "system_sequence": "<|START_OF_TURN_TOKEN|><|SYSTEM_TOKEN|>",
    "stop_sequence": "<|END_OF_TURN_TOKEN|>",
    "wrap": false,
    "macro": true,
    "names_behavior": "force",
    "activation_regex": "",
    "first_output_sequence": "",
    "skip_examples": false,
    "output_suffix": "<|END_OF_TURN_TOKEN|>",
    "input_suffix": "<|END_OF_TURN_TOKEN|>",
    "system_suffix": "<|END_OF_TURN_TOKEN|>",
    "user_alignment_message": "",
    "system_same_as_user": false,
    "last_system_sequence": "",
    "first_input_sequence": "",
    "last_input_sequence": "",
    "sequences_as_stop_strings": true,
    "story_string_prefix": "<|START_OF_TURN_TOKEN|><|SYSTEM_TOKEN|>",
    "story_string_suffix": "<|END_OF_TURN_TOKEN|>",
    "name": "Command R"
}
