{
    "api_key_horde": [
        {
            "id": "b51b3834-9701-4c7d-a3c4-e0e64ebd84e9",
            "value": "plXfIAW5nj4U_TK2ws-H-w",
            "label": "01/22/2026 11:16 AM",
            "active": true
        }
    ],
    "api_key_openrouter": [
        {
            "id": "ebca3156-b6e8-4f4e-8fe7-ccb7dda4b925",
            "value": "sk-4QK4AsExiY25xNWV239757Bc77Cb4dFdB1B04e0d72694964",
            "label": "01/22/2026 12:55 PM",
            "active": true
        }
    ],
    "api_key_nanogpt": [
        {
            "id": "39612673-fefd-41f5-bed8-983bc186a10b",
            "value": "sk-4QK4AsExiY25xNWV239757Bc77Cb4dFdB1B04e0d72694964",
            "label": "01/22/2026 12:55 PM",
            "active": true
        }
    ],
    "api_key_openai": [
        {
            "id": "54f559e8-a7cd-49f8-9a9d-8cc518aaf570",
            "value": "sk-4QK4AsExiY25xNWV239757Bc77Cb4dFdB1B04e0d72694964",
            "label": "01/22/2026 12:56 PM",
            "active": true
        }
    ],
    "api_key_custom": [
        {
            "id": "1048cc7c-6cb1-4d5a-9afc-1f1a4d85edc5",
            "value": "sk-4QK4AsExiY25xNWV239757Bc77Cb4dFdB1B04e0d72694964",
            "label": "01/22/2026 12:59 PM",
            "active": true
        },
        {
            "id": "4140996e-e7e0-48df-90f2-d97b41a71616",
            "value": "sk-ab9f23849845ac4822d3d83393402838f855acb8db8ac00e",
            "label": "01/22/2026 1:06 PM",
            "active": false
        }
    ]
}